seller,text_code,address
CÔNG TY TNHH KINH DOANH CÀ PHÊ MỸ HẠNH,0318345976,"Căn số 1.12, Tầng 1 (trệt), Tháp B, The Galleria Residence, 20 Nguyễn Thiện Thành, Khu phố 3, Phường Thủ
Thiêm, Thành phố Thủ Đức, Thành phố Hồ Chí Minh, Việt Nam"
CÔNG TY TNHH KINH DOANH CÀ PHÊ MỸ HẠNH,0318345976,"Căn số 1.12, Tầng 1 (trệt), Tháp B, The Galleria Residence, 20 Nguyễn Thiện Thành, Khu phố 3, Phường Thủ
Thiêm, Thành phố Thủ Đức, Thành phố Hồ Chí Minh, Việt Nam"
CÔNG TY TNHH KINH DOANH CÀ PHÊ MỸ HẠNH,0318345976,"Căn số 1.12, Tầng 1 (trệt), Tháp B, The Galleria Residence, 20 Nguyễn Thiện Thành, Khu phố 3, Phường Thủ
Thiêm, Thành phố Thủ Đức, Thành phố Hồ Chí Minh, Việt Nam"
CÔNG TY TNHH KINH DOANH CÀ PHÊ MỸ HẠNH,0318345976,"Căn số 1.12, Tầng 1 (trệt), Tháp B, The Galleria Residence, 20 Nguyễn Thiện Thành, Khu phố 3, Phường Thủ
Thiêm, Thành phố Thủ Đức, Thành phố Hồ Chí Minh, Việt Nam"
CÔNG TY TNHH KINH DOANH CÀ PHÊ MỸ HẠNH,0318345976,"Căn số 1.12, Tầng 1 (trệt), Tháp B, The Galleria Residence, 20 Nguyễn Thiện Thành, Khu phố 3, Phường Thủ
Thiêm, Thành phố Thủ Đức, Thành phố Hồ Chí Minh, Việt Nam"
CÔNG TY TNHH KINH DOANH CÀ PHÊ MỸ HẠNH,0318345976,"Căn số 1.12, Tầng 1 (trệt), Tháp B, The Galleria Residence, 20 Nguyễn Thiện Thành, Khu phố 3, Phường Thủ
Thiêm, Thành phố Thủ Đức, Thành phố Hồ Chí Minh, Việt Nam"
CÔNG TY TNHH KINH DOANH CÀ PHÊ MỸ HẠNH,0318345976,"Căn số 1.12, Tầng 1 (trệt), Tháp B, The Galleria Residence, 20 Nguyễn Thiện Thành, Khu phố 3, Phường Thủ
Thiêm, Thành phố Thủ Đức, Thành phố Hồ Chí Minh, Việt Nam"
CÔNG TY TNHH KINH DOANH CÀ PHÊ MỸ HẠNH,0318345976,"Căn số 1.12, Tầng 1 (trệt), Tháp B, The Galleria Residence, 20 Nguyễn Thiện Thành, Khu phố 3, Phường Thủ
Thiêm, Thành phố Thủ Đức, Thành phố Hồ Chí Minh, Việt Nam"
CÔNG TY TNHH KINH DOANH CÀ PHÊ MỸ HẠNH,0318345976,"Căn số 1.12, Tầng 1 (trệt), Tháp B, The Galleria Residence, 20 Nguyễn Thiện Thành, Khu phố 3, Phường Thủ
Thiêm, Thành phố Thủ Đức, Thành phố Hồ Chí Minh, Việt Nam"
CÔNG TY TNHH KINH DOANH CÀ PHÊ MỸ HẠNH,0318345976,"Căn số 1.12, Tầng 1 (trệt), Tháp B, The Galleria Residence, 20 Nguyễn Thiện Thành, Khu phố 3, Phường Thủ
Thiêm, Thành phố Thủ Đức, Thành phố Hồ Chí Minh, Việt Nam"
CÔNG TY TNHH KINH DOANH CÀ PHÊ MỸ HẠNH,0318345976,"Căn số 1.12, Tầng 1 (trệt), Tháp B, The Galleria Residence, 20 Nguyễn Thiện Thành, Khu phố 3, Phường Thủ
Thiêm, Thành phố Thủ Đức, Thành phố Hồ Chí Minh, Việt Nam"
CÔNG TY TNHH KINH DOANH CÀ PHÊ MỸ HẠNH,0318345976,"Căn số 1.12, Tầng 1 (trệt), Tháp B, The Galleria Residence, 20 Nguyễn Thiện Thành, Khu phố 3, Phường Thủ
Thiêm, Thành phố Thủ Đức, Thành phố Hồ Chí Minh, Việt Nam"
CÔNG TY TNHH KINH DOANH CÀ PHÊ MỸ HẠNH,0318345976,"Căn số 1.12, Tầng 1 (trệt), Tháp B, The Galleria Residence, 20 Nguyễn Thiện Thành, Khu phố 3, Phường Thủ
Thiêm, Thành phố Thủ Đức, Thành phố Hồ Chí Minh, Việt Nam"
CÔNG TY TNHH KINH DOANH CÀ PHÊ MỸ HẠNH,0318345976,"Căn số 1.12, Tầng 1 (trệt), Tháp B, The Galleria Residence, 20 Nguyễn Thiện Thành, Khu phố 3, Phường Thủ
Thiêm, Thành phố Thủ Đức, Thành phố Hồ Chí Minh, Việt Nam"
CÔNG TY TNHH KINH DOANH CÀ PHÊ MỸ HẠNH,0318345976,"Căn số 1.12, Tầng 1 (trệt), Tháp B, The Galleria Residence, 20 Nguyễn Thiện Thành, Khu phố 3, Phường Thủ
Thiêm, Thành phố Thủ Đức, Thành phố Hồ Chí Minh, Việt Nam"
CÔNG TY TNHH KINH DOANH CÀ PHÊ MỸ HẠNH,0318345976,"Căn số 1.12, Tầng 1 (trệt), Tháp B, The Galleria Residence, 20 Nguyễn Thiện Thành, Khu phố 3, Phường Thủ
Thiêm, Thành phố Thủ Đức, Thành phố Hồ Chí Minh, Việt Nam"
CÔNG TY TNHH KINH DOANH CÀ PHÊ MỸ HẠNH,0318345976,"Căn số 1.12, Tầng 1 (trệt), Tháp B, The Galleria Residence, 20 Nguyễn Thiện Thành, Khu phố 3, Phường Thủ
Thiêm, Thành phố Thủ Đức, Thành phố Hồ Chí Minh, Việt Nam"
CÔNG TY TNHH KINH DOANH CÀ PHÊ MỸ HẠNH,0318345976,"Căn số 1.12, Tầng 1 (trệt), Tháp B, The Galleria Residence, 20 Nguyễn Thiện Thành, Khu phố 3, Phường Thủ
Thiêm, Thành phố Thủ Đức, Thành phố Hồ Chí Minh, Việt Nam"
CÔNG TY TNHH KINH DOANH CÀ PHÊ MỸ HẠNH,0318345976,"Căn số 1.12, Tầng 1 (trệt), Tháp B, The Galleria Residence, 20 Nguyễn Thiện Thành, Khu phố 3, Phường Thủ
Thiêm, Thành phố Thủ Đức, Thành phố Hồ Chí Minh, Việt Nam"
CÔNG TY TNHH KINH DOANH CÀ PHÊ MỸ HẠNH,0318345976,"Căn số 1.12, Tầng 1 (trệt), Tháp B, The Galleria Residence, 20 Nguyễn Thiện Thành, Khu phố 3, Phường Thủ
Thiêm, Thành phố Thủ Đức, Thành phố Hồ Chí Minh, Việt Nam"
